"","country_code","name","1950","1955","1960","1965","1970","1975","1980","1985","1990","1995","2000","2005","2010","2015","2020"
"1",900,"World",2536431.018,2773019.915,3034949.715,3339583.51,3700437.042,4079480.474,4458003.466,4870921.666,5327231.041,5744212.93,6143493.806,6541906.956,6956823.588,7379796.967,7794798.729
"2",947,"Sub-Saharan Africa",179006.53,197489.512,220137.978,247830.919,280908.111,321200.537,369613.669,425840.824,490604.852,560759.472,639661.386,729733.003,836363.757,958577.201,1094365.605
"3",1833,"Northern Africa and Western Asia",100239.14,113425.337,129301.679,147821.733,168730.175,192351.449,220224.392,253469.194,288060.443,323178.117,355881.668,391985.543,435366.79,481520.015,525869.282
"4",921,"Central and Southern Asia",510788.12,558665.566,619067.7,691686.855,775436.811,870180.427,980358.988,1105791.297,1239984.308,1376199.571,1511915.31,1647073.789,1775360.533,1896327.293,2014708.531
"5",1832,"Eastern and South-Eastern Asia",842669.339,932210.416,1019894.871,1127782.03,1280852.786,1432113.687,1555767.503,1684698.035,1837799.004,1950219.95,2044789.22,2125348.402,2201806.674,2279489.616,2346709.481
"6",1830,"Latin America and the Caribbean",168820.524,192727.225,220469.724,252455.927,286675.705,322777.147,361253.181,402023.662,442840.078,483018.226,521836.322,557500.981,591352.345,623934.126,653962.332
"7",927,"Australia/New Zealand",10085.359,11302.088,12614.669,13939.835,15611.421,16855.912,17735.01,18931.906,20358.775,21668.023,22850.426,24313.896,26524.747,28547.026,30322.114
"8",1835,"Oceania (excluding Australia and New Zealand)",2890.536,3090.602,3406.963,3828.859,4310.804,4854.363,5477.074,6219.135,6939.919,7721.606,8574.661,9376.317,10348.322,11311.667,12355.695
"9",1829,"Europe and Northern America",721931.47,764109.169,810056.131,854237.352,887911.229,919146.952,947573.649,973947.613,1000643.662,1021447.965,1037984.813,1056575.025,1079700.42,1100090.023,1116505.689
"10",903,"Africa",227794.137,252748.917,283361.171,320147.295,363447.593,414674.676,476386.225,548626.14,630349.685,717270.112,810984.232,916154.285,1039304.03,1182438.803,1340598.113
"11",935,"Asia",1404908.992,1549041.914,1705041.057,1894974.242,2142480.29,2401171.424,2649578.327,2921173.21,3226098.922,3493086.998,3741263.352,3977986.452,4209593.724,4433475.322,4641054.786
"12",908,"Europe",549328.859,576678.764,605406.966,634783.191,656919.37,676895.457,693566.516,707584.186,720858.411,726994.433,725558.028,729287.881,736412.998,743058.978,747636.045
"13",904,"Latin America and the Caribbean",168820.524,192727.225,220469.724,252455.927,286675.705,322777.147,361253.181,402023.662,442840.078,483018.226,521836.322,557500.981,591352.345,623934.126,653962.332
"14",905,"Northern America",172602.611,187430.405,204649.165,219454.161,230991.859,242251.495,254007.133,266363.427,279785.251,294453.532,312426.785,327287.144,343287.422,357031.045,368869.644
"15",909,"Oceania",12975.895,14392.69,16021.632,17768.694,19922.225,21710.275,23212.084,25151.041,27298.694,29389.629,31425.087,33690.213,36873.069,39858.693,42677.809
"16",901,"More developed regions",814818.913,864429.512,916344.412,966624.194,1008451.91,1048416.226,1083125.601,1114763.002,1145507.68,1169481.474,1188359.407,1209215.036,1234767.516,1256622.188,1273304.261
"17",902,"Less developed regions",1721612.105,1908590.403,2118605.303,2372959.316,2691985.132,3031064.248,3374877.865,3756158.664,4181723.361,4574731.456,4955134.399,5332691.92,5722056.072,6123174.779,6521494.468
"18",941,"Least developed countries",195427.785,215486.293,240518.397,270720.935,306916.898,345242.741,390612.544,443491.299,506275.626,579681.702,657215.854,744190.509,836614.841,941131.317,1057438.163
"19",934,"Other less developed countries",1526184.32,1693104.11,1878086.906,2102238.381,2385068.234,2685821.507,2984265.321,3312667.365,3675447.735,3995049.754,4297918.545,4588501.411,4885441.231,5182043.462,5464056.305
"20",948,"Less developed regions, excluding China",1157420.006,1284496.756,1444107.259,1632168.748,1845364.17,2083907.836,2351776.349,2655695.386,2978289.406,3305985.141,3635583.004,3971957.379,4322553.373,4684981.353,5050207.589
"21",1636,"Land-locked Developing Countries (LLDC)",103803.462,115488.177,130210.232,147627.743,167054.846,188250.846,209112.912,234235.216,265852.002,298698.477,333947.033,374684.858,420661.371,473816.858,533143.398
"22",1637,"Small Island Developing States (SIDS)",23771.12,26248.781,29188.016,32595.494,35868.046,39260.211,42471.239,46031.702,49807.705,53802.264,57613.591,61044.548,65253.137,68855.52,72076.098
"23",1503,"High-income countries",694989.106,738928.605,787158.23,836545.33,880845.621,924282.549,963431.384,1001046.88,1038455.421,1075966.453,1112318.334,1151594.876,1197095.041,1233934.65,1263092.934
"24",1517,"Middle-income countries",1703596.496,1883962.076,2080780.919,2315967.485,2607460.629,2914555.439,3221987.819,3561445.875,3936198.975,4261803.632,4567891.009,4860123.817,5153738.178,5460515.587,5753051.615
"25",1502,"Upper-middle-income countries",938930.867,1042795.683,1144055.207,1265536.21,1428300.048,1589857.227,1731254.574,1881154.742,2056240.366,2181157.418,2285144.582,2376344.607,2466363.506,2566519.306,2654816.331
"26",1501,"Lower-middle-income countries",764665.629,841166.393,936725.712,1050431.275,1179160.581,1324698.212,1490733.245,1680291.133,1879958.609,2080646.214,2282746.427,2483779.21,2687374.672,2893996.281,3098235.284
"27",1500,"Low-income countries",137041.865,149213.767,165954.459,185870.726,210778.276,239242.401,271057.726,306762.094,350700.961,404386.608,461020.981,527685.618,603339.579,682575.699,775710.612
"28",1518,"No income group available",803.551,915.467,1056.107,1199.969,1352.516,1400.085,1526.537,1666.817,1875.684,2056.237,2263.482,2502.645,2650.79,2771.031,2943.568
"29",910,"Eastern Africa",66144.565,73975.376,83558.159,95372.726,109682.256,126465.038,146488.368,169887.493,197168.372,223934.244,257353.351,295185.413,339317.85,389671.295,445405.578
"30",108,"Burundi",2308.927,2537.15,2797.925,3094.378,3479.07,3700.879,4157.296,4750.832,5438.959,5987.044,6378.871,7364.857,8675.606,10160.034,11890.781
"31",174,"Comoros",159.459,175.906,191.122,207.429,230.055,257.285,307.831,355.337,411.598,475.394,542.358,611.625,689.696,777.435,869.595
"32",262,"Djibouti",62,69.593,83.634,114.976,159.662,224.177,358.96,425.608,590.393,630.385,717.577,783.248,840.194,913.998,988.002
"33",232,"Eritrea",822.347,899.746,1007.586,1148.188,1310.947,1505.438,1733.423,2003.942,2258.649,2204.227,2292.413,2826.653,3170.437,3342.818,3546.427
"34",231,"Ethiopia",18128.03,19947.291,22151.284,25013.634,28415.08,32566.855,35141.703,40652.146,47887.864,57047.906,66224.809,76346.31,87639.962,100835.453,114963.583
"35",404,"Kenya",6076.757,6987.658,8120.082,9530.163,11301.394,13575.898,16417.203,19877.078,23724.574,27768.297,31964.557,36624.897,42030.684,47878.339,53771.3
"36",450,"Madagascar",4083.548,4543.54,5099.368,5769.215,6576.305,7556.032,8716.549,10063.493,11598.647,13475.403,15766.806,18336.722,21151.64,24234.08,27691.019
"37",454,"Malawi",2953.871,3270.545,3659.98,4134.464,4703.783,5384.798,6250.434,7268.271,9404.499,9844.418,11148.751,12625.95,14539.609,16745.305,19129.955
"38",480,"Mauritius",493.258,570.65,660.025,753.283,826.451,892.219,966.039,1015.764,1055.869,1128.676,1185.147,1222.01,1247.953,1259.457,1271.767
"39",175,"Mayotte",15.138,18.994,24.016,30.52,36.964,45.48,55.136,72.108,94.779,123.186,150.331,178.103,208.716,240.011,272.813
"40",508,"Mozambique",5958.982,6508.4,7184.87,8039.217,9022.747,10165.216,11630.194,12764.385,12987.292,15483.277,17711.925,20493.927,23531.567,27042.001,31255.435
"41",638,"Reunion",248.114,291.663,335.694,390.773,462.029,484.785,509.264,558.704,610.584,673.543,736.714,791.598,830.507,863.359,895.308
"42",646,"Rwanda",2186.183,2527.293,2935.575,3235.536,3757.351,4364.709,5153.314,6146.884,7288.883,5836.49,7933.688,8840.22,10039.338,11369.066,12952.209
"43",690,"Seychelles",36.325,38.963,41.611,46.787,52.371,59.584,66.237,69.772,70.572,76.653,80.998,88.652,91.273,94.981,98.34
"44",706,"Somalia",2264.076,2491.543,2755.967,3068.465,3444.569,3880.285,6281.138,6648.628,7225.089,7491.647,8872.25,10446.856,12043.886,13797.204,15893.219
"45",728,"South Sudan",2482.306,2619.718,2842.718,3133.155,3494.011,3941.613,4502.603,5220.748,5492.62,5118.084,6199.396,7535.931,9508.372,10715.657,11193.729
"46",800,"Uganda",5158.191,5888.791,6767.092,7986.062,9405.606,10737.403,12442.333,14559.357,17354.395,20413.157,23650.159,27684.59,32428.164,38225.447,45741
"47",834,"United Republic of Tanzania",7649.765,8729.667,10052.151,11634.837,13535.487,15885.228,18538.263,21633.799,25203.848,29649.128,33499.177,38450.323,44346.532,51482.638,59734.213
"48",894,"Zambia",2310.436,2644.976,3070.78,3570.466,4179.062,4943.279,5851.818,6923.148,8036.849,9096.608,10415.942,11856.244,13605.986,15879.37,18383.956
"49",716,"Zimbabwe",2746.852,3213.289,3776.679,4471.178,5289.312,6293.875,7408.63,8877.489,10432.409,11410.721,11881.482,12076.697,12697.728,13814.642,14862.927
"50",911,"Middle Africa",26453.755,29098.323,32222.194,35893.208,40170.679,45948.711,52885.376,60890.048,70855.116,83775.179,96115.549,112008.24,131622.131,154203.227,179595.125
"51",24,"Angola",4548.021,5043.251,5454.938,5770.573,5890.36,7023.994,8341.29,9961.993,11848.385,13945.205,16395.477,19433.604,23356.247,27884.38,32866.268
"52",120,"Cameroon",4307.021,4707,5176.92,5773.538,6519.754,7451.057,8621.409,10070.806,11780.086,13599.984,15513.944,17733.408,20341.236,23298.376,26545.864
"53",140,"Central African Republic",1326.66,1401.337,1501.668,1639.706,1811.157,1958.367,2199.359,2542.17,2806.74,3222.662,3640.421,4038.38,4386.765,4493.171,4829.764
"54",148,"Chad",2502.321,2735.205,3001.604,3309.583,3643.608,4088.568,4514.427,5095.4,5963.25,7010.159,8355.654,10096.63,11952.134,14110.971,16425.859
"55",178,"Congo",827.246,911.033,1018.254,1155.389,1326.894,1536.658,1777.932,2054.308,2356.74,2707.532,3127.42,3622.775,4273.738,4856.093,5518.092
"56",180,"Dem. Republic of the Congo",12183.662,13517.516,15248.256,17369.882,20011.033,22903.587,26358.905,29881.222,34612.023,41576.239,47105.83,54785.894,64563.853,76244.532,89561.404
"57",226,"Equatorial Guinea",225.53,239.866,255.338,276.296,303.986,255.808,249.931,352.116,419.188,496.768,606.18,749.527,943.64,1168.575,1402.985
"58",266,"Gabon",473.296,484.308,500.922,533.357,589.317,647.538,726.335,827.107,949.493,1084.951,1228.359,1390.55,1624.146,1947.69,2225.728
"59",678,"Sao Tome and Principe",59.998,58.807,64.294,64.884,74.57,83.134,95.788,104.926,119.211,131.679,142.264,157.472,180.372,199.439,219.161
"60",913,"Southern Africa",15533.036,17307.49,19410.549,21957.654,24975.152,28545.009,32440.464,37171.819,42046.342,47358.234,51443.866,54644.678,58383.366,62985.035,67503.647
"61",72,"Botswana",412.541,463.353,502.733,559.996,627.714,741.346,897.86,1069.585,1286.756,1469.173,1643.333,1799.077,1987.106,2120.716,2351.625
"62",748,"Eswatini",272.997,303.027,336.578,373.925,431.251,499.759,587.852,699.077,822.423,926.836,1005.432,1030.575,1064.841,1104.038,1160.164
"63",426,"Lesotho",704.686,766.763,837.264,922.307,1028.93,1160.795,1340.258,1526.132,1703.757,1898.598,2032.805,1996.115,1995.575,2059.011,2142.252
"64",516,"Namibia",514.378,567.846,634.138,716.588,817.474,947.925,1057.723,1198.149,1432.899,1627.866,1794.583,1938.316,2118.877,2314.901,2540.916
"65",710,"South Africa",13628.434,15206.501,17099.836,19384.838,22069.783,25195.184,28556.771,32678.876,36800.507,41435.761,44967.713,47880.595,51216.967,55386.369,59308.69
"66",914,"Western Africa",70875.174,77108.323,84947.076,94607.331,106080.024,120241.779,137799.461,157891.464,180535.022,205691.815,234748.62,267894.672,307040.41,351717.644,401861.255
"67",204,"Benin",2255.222,2303.592,2431.617,2632.361,2912.338,3265.167,3717.161,4278.502,4978.489,5905.552,6865.946,7982.223,9199.254,10575.962,12123.198
"68",854,"Burkina Faso",4284.455,4517.155,4829.289,5174.874,5624.592,6154.554,6822.837,7727.908,8811.033,10089.88,11607.951,13421.935,15605.211,18110.616,20903.278
"69",132,"Cabo Verde",178.064,197.193,201.77,230.421,268.633,270.24,283.848,311.668,337.953,386.288,428.178,463.034,492.644,524.74,555.988
"70",384,"Cote d'Ivoire",2630.131,3004.421,3503.559,4226.843,5102.07,6412.409,8033.652,9918.204,11924.873,14199.759,16454.66,18354.513,20532.944,23226.148,26378.275
"71",270,"Gambia",304.895,329.662,365.049,405.258,464.404,539.985,637.252,755.791,955.595,1128.577,1317.708,1543.745,1793.199,2085.86,2416.664
"72",288,"Ghana",5036.151,5730.592,6635.229,7739.463,8735.493,9985.946,11056.112,12783.617,14773.274,17014.058,19278.85,21814.648,24779.614,27849.203,31072.945
"73",324,"Guinea",3012.938,3229.643,3494.164,3801.711,4154.606,4491.248,4871.446,5470.716,6352.282,7269.631,8240.735,9109.585,10192.168,11432.096,13132.792
"74",624,"Guinea-Bissau",535.438,576.131,616.14,649.795,704.937,765.985,781.678,872.163,975.265,1088.85,1201.305,1344.931,1522.603,1737.207,1967.998
"75",430,"Liberia",930.022,1011.367,1118.655,1245.104,1400.73,1600.454,1852.991,2145.756,2075.917,2044.657,2848.447,3218.114,3891.357,4472.229,5057.677
"76",466,"Mali",4708.425,4975.4,5263.727,5568.495,5949.042,6482.282,7090.124,7831.888,8449.915,9585.66,10946.448,12775.509,15049.352,17438.772,20250.834
"77",478,"Mauritania",651.434,738.295,850.377,985.907,1146.776,1330.594,1540.644,1780.033,2034.347,2313.63,2630.217,3024.198,3494.2,4046.304,4649.66
"78",562,"Niger",2559.706,2955.536,3388.774,3914.118,4510.645,5184.94,5989,6915.994,8026.592,9490.289,11331.561,13624.474,16464.025,20001.663,24206.636
"79",566,"Nigeria",37859.75,41086.1,45138.46,50127.92,55982.142,63374.289,73423.646,83562.776,95212.454,107948.339,122283.853,138865.014,158503.203,181137.454,206139.587
"80",686,"Senegal",2486.642,2808.239,3206.757,3682.879,4257.508,4929.846,5583.157,6471.329,7526.306,8690.155,9797.731,11090.123,12678.143,14578.45,16743.93
"81",694,"Sierra Leone",2041.201,2165.816,2317.638,2508.226,2744.89,3037.158,3388.494,3805.304,4319.763,4303.953,4584.57,5645.629,6415.636,7171.909,7976.985
"82",768,"Togo",1395.451,1473.835,1580.508,1708.631,2115.522,2410.451,2720.835,3252.997,3774.31,4226.293,4924.406,5611.643,6421.674,7323.162,8278.737
"83",912,"Northern Africa",48787.607,55259.405,63223.193,72316.376,82539.482,93474.139,106772.556,122785.316,139744.833,156510.64,171322.846,186421.282,202940.273,223861.602,246232.508
"84",12,"Algeria",8872.25,9774.28,11057.864,12550.88,14464.992,16607.706,19221.659,22431.507,25758.872,28757.788,31042.238,33149.72,35977.451,39728.02,43851.043
"85",818,"Egypt",20451.988,23223.125,26632.891,30433.024,34513.851,38549.133,43309.063,49258.726,56134.478,62334.025,68831.561,75523.576,82761.244,92442.549,102334.403
"86",434,"Libya",1124.519,1245.355,1448.416,1733.307,2133.527,2645.136,3219.462,3873.781,4436.663,4948.796,5357.893,5798.615,6197.667,6418.315,6871.287
"87",504,"Morocco",8985.986,10502.658,12328.532,14230.163,16004.732,17796.171,19990.006,22499.111,24807.461,26994.255,28793.672,30455.563,32343.384,34663.608,36910.558
"88",729,"Sudan",5733.789,6549.294,7544.498,8770.094,10281.695,12144.128,14507.466,17210.182,20147.592,24094.741,27275.019,30949.514,34545.014,38902.948,43849.269
"89",788,"Tunisia",3605.312,3943.544,4178.235,4547.941,5063.805,5656.912,6374.04,7329.59,8242.509,9125.4,9708.347,10106.778,10635.245,11179.951,11818.618
"90",732,"Western Sahara",13.763,21.149,32.757,50.967,76.88,74.953,150.86,182.419,217.258,255.635,314.116,437.516,480.268,526.211,597.33
"91",922,"Western Asia",51451.533,58165.932,66078.486,75505.357,86190.693,98877.31,113451.836,130683.878,148315.61,166667.477,184558.822,205564.261,232426.517,257658.413,279636.774
"92",51,"Armenia",1353.502,1563.512,1874.119,2211.316,2525.067,2832.752,3099.759,3335.935,3538.164,3217.349,3069.597,2981.262,2877.314,2925.559,2963.234
"93",31,"Azerbaijan",2927.926,3329.373,3895.398,4592.601,5180.032,5674.129,6150.735,6666.447,7242.758,7775.418,8122.743,8538.61,9032.465,9622.741,10139.175
"94",48,"Bahrain",115.612,133.58,162.429,187.432,212.607,266.54,359.897,419.428,495.927,563.698,664.61,889.157,1240.864,1371.853,1701.583
"95",196,"Cyprus",494.018,529.97,572.933,580.972,613.618,649.753,685.408,703.694,766.616,855.391,943.288,1027.657,1112.617,1160.987,1207.361
"96",268,"Georgia",3527.008,3713.129,4007.724,4371.527,4713.34,4873.638,5017.827,5211.454,5410.4,4976.252,4362.184,4210.158,4099.096,4024.18,3989.175
"97",368,"Iraq",5719.183,6502.661,7289.753,8375.795,9917.978,11684.579,13653.348,15555.807,17419.113,20149.342,23497.589,26922.279,29741.977,35572.269,40222.503
"98",376,"Israel",1257.968,1691.873,2060.476,2490.322,2813.746,3296.931,3700.916,4035.062,4448.348,5271.368,5945.949,6529.47,7346.446,7978.496,8655.541
"99",400,"Jordan",481.319,682.975,933.102,1173.603,1721.315,2065.916,2377.997,2900.055,3565.888,4588.842,5122.495,5765.639,7261.541,9266.573,10203.14
"100",414,"Kuwait",153.103,181.893,269.026,472.032,744.444,1021.725,1368.68,1735.278,2095.35,1605.907,2045.123,2270.196,2991.884,3835.588,4270.563
"101",422,"Lebanon",1334.617,1532.12,1804.935,2092.374,2297.436,2575.746,2588.928,2651.992,2803.032,3528.379,3842.774,4698.761,4953.064,6532.681,6825.442
"102",512,"Oman",456.41,495.825,551.735,625.006,723.842,882.038,1154.373,1498.413,1812.158,2204.267,2267.973,2511.254,3041.435,4267.341,5106.622
"103",634,"Qatar",25.006,35.863,47.383,73.631,109.521,164.314,223.622,370.886,476.275,513.447,592.467,865.41,1856.329,2565.708,2881.06
"104",682,"Saudi Arabia",3121.34,3558.165,4086.534,4843.632,5836.388,7419.486,9691.471,13118.998,16233.786,18638.79,20663.84,23816.175,27421.468,31717.676,34813.867
"105",275,"State of Palestine",931.925,987.751,1069.318,1191.381,1126.628,1323.805,1510.717,1759.533,2101.445,2618.671,3224.009,3577.956,4055.632,4529.16,5101.416
"106",760,"Syrian Arab Republic",3413.325,3911.497,4573.514,5373.137,6350.544,7535.715,8930.776,10648.633,12446.168,14345.491,16410.847,18361.178,21362.541,17997.411,17500.657
"107",792,"Turkey",21408.398,24270.599,27472.339,30972.996,34876.296,39277.249,43975.972,49133.928,53921.758,58486.453,63240.196,67903.461,72326.992,78529.413,84339.067
"108",784,"United Arab Emirates",69.594,79.579,92.417,149.855,234.512,548.295,1019.507,1366.165,1828.437,2415.099,3134.067,4588.222,8549.998,9262.896,9890.4
"109",887,"Yemen",4661.279,4965.567,5315.351,5727.745,6193.379,6784.699,7941.903,9572.17,11709.987,14913.313,17409.071,20107.416,23154.854,26497.881,29825.968
"110",5500,"Central Asia",17449.568,20272.976,24321.261,28908.815,33211.581,37115.085,41088.161,45501.798,50122.902,53169.133,55345.848,58449.898,62805.087,68479.994,74338.926
"111",398,"Kazakhstan",6703,7932.517,9934.564,11841.926,13036.14,14050.227,14796.175,15665.594,16383.881,15839.357,14922.724,15402.803,16252.273,17572.01,18776.707
"112",417,"Kyrgyzstan",1740.005,1904.069,2170.091,2569.448,2969.857,3291.074,3610.974,3993.077,4372.885,4566.096,4920.712,5075.34,5422.298,5959.126,6524.191
"113",762,"Tajikistan",1531.507,1794.416,2087.053,2487.975,2930.108,3390.941,3905.443,4537.82,5283.811,5764.806,6216.329,6789.318,7527.397,8454.019,9537.642
"114",795,"Turkmenistan",1210.998,1364.638,1603.254,1892.596,2195.165,2525.374,2876.809,3244.024,3683.978,4207.841,4516.128,4754.652,5087.211,5565.283,6031.187
"115",860,"Uzbekistan",6264.058,7277.336,8526.299,10116.87,12080.311,13857.469,15898.76,18061.283,20398.347,22791.033,24769.955,26427.785,28515.908,30929.556,33469.199
"116",5501,"Southern Asia",493338.552,538392.59,594746.439,662778.04,742225.23,833065.342,939270.827,1060289.499,1189861.406,1323030.438,1456569.462,1588623.891,1712555.446,1827847.299,1940369.605
"117",4,"Afghanistan",7752.117,8270.992,8996.967,9956.318,11173.654,12689.164,13356.5,11938.204,12412.311,18110.662,20779.957,25654.274,29185.511,34413.603,38928.341
"118",50,"Bangladesh",37894.671,42086.305,48013.505,55385.114,64232.486,70066.31,79639.498,90764.18,103171.957,115169.933,127657.862,139035.505,147575.433,156256.287,164689.383
"119",64,"Bhutan",176.796,197.458,223.284,253.993,297.307,348.395,406.883,464.264,530.801,534.629,591.014,648.744,685.502,727.885,771.612
"120",356,"India",376325.2,409880.606,450547.675,499123.328,555189.797,623102.9,698952.837,784360.012,873277.799,963922.586,1056575.548,1147609.924,1234281.163,1310152.392,1380004.385
"121",364,"Iran (Islamic Republic of)",17119.262,19294.136,21906.909,24954.865,28513.872,32729.772,38650.244,47347.197,56366.212,61442.658,65623.397,69762.345,73762.519,78492.208,83992.953
"122",462,"Maldives",73.716,79.704,89.873,102.71,115.688,136.418,158.271,189.54,223.159,254.144,279.396,319.604,365.73,454.914,540.542
"123",524,"Nepal",8483.322,9316.916,10105.06,10972.912,12074.628,13420.367,15016.408,16858.315,18905.48,21576.074,23941.099,25744.5,27013.207,27015.033,29136.808
"124",586,"Pakistan",37542.37,40488.032,44988.69,50917.975,58142.062,66816.875,78054.346,92191.505,107647.918,123776.835,142343.583,160304.007,179424.643,199426.953,220892.331
"125",144,"Sri Lanka",7971.098,8778.441,9874.476,11110.825,12485.736,13755.141,15035.84,16176.282,17325.769,18242.917,18777.606,19544.988,20261.738,20908.024,21413.25
"126",906,"Eastern Asia",677535.239,745568.562,805880.88,881787.777,999435.111,1112702.814,1198125.829,1283950.282,1393334.81,1464564.639,1519781.295,1564192.321,1604859.428,1645183.917,1678089.627
"127",156,"China",554419.269,612241.552,660408.054,724218.97,827601.385,926240.889,1000089.228,1075589.363,1176883.681,1240920.539,1290550.767,1330776.38,1368810.604,1406847.868,1439323.774
"128",344,"China, Hong Kong SAR",1974.002,2472.665,3046.048,3467.22,3848.922,4208.963,4868.744,5287.023,5727.942,6084.234,6606.328,6769.579,6966.324,7185.992,7496.988
"129",446,"China, Macao SAR",196.473,189.458,167.795,203.224,246.193,241.631,238.085,283.49,343.816,385.517,427.772,482.863,538.215,602.093,649.342
"130",158,"China, Taiwan Province of China",7602.355,9189.972,10876.147,12901.154,14924.462,16464.929,17905.459,19303.402,20478.516,21356.025,21966.528,22705.719,23187.556,23557.473,23816.775
"131",408,"Dem. People's Rep. of Korea",10549.47,10086.997,11424.189,12547.524,14410.391,16274.737,17472.144,18877.226,20293.057,21862.3,22929.078,23904.167,24548.84,25183.832,25778.815
"132",392,"Japan",82802.084,89018.255,93673.612,98447.007,104929.26,112413.362,117816.942,121883.483,124505.243,126365.486,127524.168,128326.115,128542.349,127985.139,126476.458
"133",496,"Mongolia",780.199,855.099,955.514,1107.121,1278.819,1479.646,1689.622,1921.889,2184.139,2298.017,2397.417,2526.429,2719.902,2998.433,3278.292
"134",410,"Republic of Korea",19211.387,21514.564,25329.521,28895.557,32195.679,35378.657,38045.605,40804.406,42918.416,45292.521,47379.237,48701.069,49545.638,50823.087,51269.183
"135",920,"South-Eastern Asia",165134.1,186641.854,214013.991,245994.253,281417.675,319410.873,357641.674,400747.753,444464.194,485655.311,525007.925,561156.081,596947.246,634305.699,668619.854
"136",96,"Brunei Darussalam",48.009,63.367,81.707,102.39,129.53,161.635,193.88,224.44,258.714,297.112,333.166,365.112,388.634,414.914,437.483
"137",116,"Cambodia",4432.724,5045.283,5722.372,6467.191,6996.576,7524.457,6693.759,7714.894,8975.597,10656.145,12155.241,13273.355,14312.205,15521.435,16718.971
"138",360,"Indonesia",69543.321,77273.427,87751.066,100267.07,114793.179,130680.73,147447.834,164982.452,181413.398,196934.257,211513.822,226289.468,241834.226,258383.257,273523.621
"139",418,"Lao People's Dem. Republic",1682.915,1890.85,2120.892,2382.586,2688.429,3051.583,3258.149,3687.889,4258.471,4846.477,5323.701,5751.675,6249.168,6741.16,7275.556
"140",458,"Malaysia",6109.902,7038.91,8156.342,9526.558,10804.131,12162.189,13798.094,15598.924,18029.824,20487.604,23194.252,25690.615,28208.028,30270.965,32365.998
"141",104,"Myanmar",17779.635,19550.067,21736.947,24259.356,27269.063,30611.093,34224.316,37977.087,41335.188,43901.598,46719.698,48949.931,50600.827,52680.724,54409.794
"142",608,"Philippines",18580.483,22177.06,26269.741,30909.997,35803.591,41285.741,47357.741,54275.836,61895.169,69784.087,77991.757,86326.251,93966.784,102113.206,109581.085
"143",702,"Singapore",1022.095,1305.103,1633.133,1877.826,2072.284,2259.721,2411.69,2705.537,3012.968,3525.964,4028.872,4265.693,5131.17,5592.143,5850.343
"144",764,"Thailand",20710.353,23711.122,27397.208,31822.656,36884.525,42326.307,47374.463,52026.901,56558.196,59467.272,62952.639,65416.189,67195.032,68714.519,69799.978
"145",626,"Timor-Leste",414.754,439.223,474.535,519.676,571.565,629.227,599.907,657.061,737.814,844.333,884.366,995.13,1093.517,1196.294,1318.442
"146",704,"Viet Nam",24809.909,28147.442,32670.048,37858.947,43404.802,48718.19,54281.841,60896.732,67988.855,74910.462,79910.411,83832.662,87967.655,92677.082,97338.583
"147",915,"Caribbean",17079.834,18747.715,20667.481,23009.852,25201.317,27513.667,29645.559,31775.147,34058.199,36162.184,38102.081,39745.797,41217.34,42622.28,43532.374
"148",28,"Antigua and Barbuda",45.515,49.648,54.132,58.699,64.184,62.671,61.861,61.785,62.533,68.672,76.007,81.462,88.03,93.571,97.928
"149",533,"Aruba",38.052,43.721,54.208,57.357,59.07,60.653,60.097,63.024,62.152,80.324,90.866,100.028,101.665,104.339,106.766
"150",44,"Bahamas",79.09,88.628,109.532,140.06,169.376,188.895,210.589,234.579,256.227,280.179,298.045,324.848,354.936,374.2,393.248
"151",52,"Barbados",210.99,227.132,230.985,235.415,238.895,246.158,252.388,256.26,260.933,265.955,271.511,276.32,282.131,285.327,287.371
"152",192,"Cuba",5919.989,6539.463,7141.241,7958.171,8712.535,9446.441,9849.457,10097.91,10596.986,10888.246,11126.423,11261.586,11225.833,11324.777,11326.616
"153",531,"Curacao",100.181,116.922,126.941,133.879,143.639,150.261,147.997,150.375,146.679,143.88,132.147,130.136,149.188,159.85,164.1
"154",214,"Dominican Republic",2364.649,2781.338,3294.222,3877.768,4499.722,5144.632,5803.929,6464.229,7133.491,7819.239,8471.317,9097.262,9695.117,10281.675,10847.904
"155",308,"Grenada",76.681,81.102,89.927,94.634,94.476,92.494,89.032,99.953,96.328,100.286,102.837,104.658,106.227,109.603,112.519
"156",312,"Guadeloupe",209.999,236.054,275.173,300.058,321.887,328.489,336.683,342.737,389.251,403.731,422.048,402.903,406.073,400.26,400.127
"157",332,"Haiti",3221.27,3514.069,3866.162,4258.734,4676.237,5094.57,5643.175,6337.275,7037.915,7744.509,8463.802,9195.289,9949.318,10695.54,11402.533
"158",388,"Jamaica",1402.903,1540.957,1628.524,1756.508,1875.637,2028.019,2162.839,2335.51,2419.901,2533.705,2654.698,2740,2810.464,2891.024,2961.161
"159",474,"Martinique",222.003,245.682,281.626,311.122,325.014,327.837,325.448,339.881,358.457,368.728,387.016,397.191,394.666,378.483,375.265
"160",630,"Puerto Rico",2218.005,2195.521,2294.971,2507.537,2631.7,2844.925,3090.688,3263.173,3403.168,3567.691,3668.955,3631.885,3579.842,3381.512,2860.84
"161",662,"Saint Lucia",82.783,86.47,89.698,96.138,104.016,109.634,117.828,126.246,138.019,146.871,156.737,163.408,174.092,179.131,183.629
"162",670,"St. Vincent and the Grenadines",66.997,73.55,80.97,86.009,90.501,95.665,100.566,104.503,107.489,108.043,107.787,108.617,108.26,109.135,110.947
"163",780,"Trinidad and Tobago",645.626,739.703,847.973,911.742,945.357,1010.934,1084.743,1170.296,1221.121,1254.2,1267.159,1296.497,1328.144,1370.332,1399.491
"164",850,"United States Virgin Islands",26.792,29.669,33.137,50.226,64.723,86.47,99.089,105.279,103.755,107.388,108.73,107.801,106.086,104.95,104.423
"165",916,"Central America",37975.499,43859.273,51116.559,59622.904,69400.464,80129.062,91092.356,102296.696,113383.702,124553.726,135322.351,145950.549,157591.31,168949.156,179670.186
"166",84,"Belize",68.915,79.867,92.068,106.12,122.184,133.264,144.142,164.918,187.554,206.962,247.31,283.798,322.465,360.926,397.621
"167",188,"Costa Rica",945.683,1110.088,1330.787,1592.834,1847.394,2094.186,2389.973,2736.719,3119.436,3545.524,3962.369,4285.504,4577.371,4847.805,5094.114
"168",222,"El Salvador",2199.903,2432.877,2766.319,3201.31,3673.066,4154.689,4591.135,4936.803,5270.074,5628.602,5887.93,6052.124,6183.877,6325.121,6486.201
"169",320,"Guatemala",3114.956,3625.305,4210.751,4869.714,5621.794,6433.723,7283.456,8240.06,9263.82,10408.486,11650.744,13096.028,14630.42,16252.425,17915.567
"170",340,"Honduras",1546.719,1771.357,2038.636,2346.005,2716.652,3153.252,3678.274,4281.167,4955.302,5709.01,6574.51,7458.982,8317.467,9112.904,9904.608
"171",484,"Mexico",27944.671,32350.593,37771.861,44123.863,51493.565,59607.947,67761.367,75983.486,83943.135,91663.29,98899.845,106005.199,114092.961,121858.251,128932.753
"172",558,"Nicaragua",1294.994,1508.103,1773.132,2068.379,2406.523,2806.859,3265.52,3734.343,4173.435,4652.185,5069.31,5438.692,5824.058,6223.234,6624.554
"173",591,"Panama",859.658,981.083,1133.005,1314.679,1519.286,1745.142,1978.489,2219.2,2470.946,2739.667,3030.333,3330.222,3642.691,3968.49,4314.768
"174",931,"South America",113765.191,130120.237,148685.684,169823.171,192073.924,215134.418,240515.266,267951.819,295398.177,322302.316,348411.89,371804.635,392543.695,412362.69,430759.772
"175",32,"Argentina",17037.91,18789.415,20481.781,22159.644,23880.564,25865.775,27896.532,30216.284,32618.648,34828.168,36870.796,38892.924,40895.751,43075.416,45195.777
"176",68,"Bolivia (Plurinational State of)",3081.836,3331.036,3656.961,4038.865,4484.004,5001.413,5579.932,6179.46,6864.839,7622.334,8418.27,9232.301,10048.597,10869.732,11673.029
"177",76,"Brazil",53974.728,62533.92,72179.235,83373.533,95113.265,107216.209,120694.012,135274.083,149003.225,162019.889,174790.339,186127.108,195713.637,204471.759,212559.409
"178",152,"Chile",6598.518,7322.655,8132.988,8989.607,9783.134,10592.31,11419.35,12257.238,13274.617,14380.864,15342.35,16182.713,17062.531,17969.356,19116.209
"179",170,"Colombia",11981.576,13774.999,16057.714,18725.242,21480.064,24065.502,26900.508,29951.194,33102.569,36421.438,39629.965,42647.731,45222.699,47520.667,50882.884
"180",218,"Ecuador",3470.16,3956.625,4543.658,5243.98,6069.375,6994.331,7989.178,9066.1,10230.931,11455.205,12681.123,13825.839,15011.114,16212.022,17643.06
"181",254,"French Guiana",25.484,28.493,32.032,38.893,47.932,56.224,66.973,86.435,115.784,137.4,163.163,202.973,232.996,261.008,298.682
"182",328,"Guyana",406.559,482.562,571.813,651.865,704.93,745.847,780.153,770.439,743.306,761.298,746.718,746.156,749.43,767.433,786.559
"183",600,"Paraguay",1473.241,1673.667,1903.99,2172.309,2474.757,2791.236,3181.627,3676.206,4223.413,4776.838,5323.202,5824.095,6248.017,6688.746,7132.53
"184",604,"Peru",7777.452,8858.392,10155.011,11711.402,13459.789,15424.745,17547.612,19772.871,22071.433,24299.168,26459.944,27866.14,29027.68,30470.739,32971.846
"185",740,"Suriname",214.996,249.002,287.87,328.939,367.926,359.234,359.531,368.636,405.169,441.851,470.944,499.461,529.126,559.136,586.634
"186",858,"Uruguay",2238.501,2372.564,2538.648,2694.537,2809.799,2830.172,2915.389,3011.519,3109.598,3224.275,3319.734,3321.799,3359.273,3412.013,3473.727
"187",862,"Venezuela (Bolivarian Republic of)",5481.976,6744.704,8141.839,9692.281,11396.396,13189.511,15182.616,17319.513,19632.665,21931.087,24192.449,26432.445,28439.942,30081.827,28435.943
"188",36,"Australia",8177.348,9165.7,10242.07,11313.186,12793.03,13773.29,14588.4,15663.672,16960.6,17993.083,18991.434,20178.543,22154.687,23932.499,25499.881
"189",554,"New Zealand",1908.011,2136.388,2372.599,2626.649,2818.391,3082.622,3146.61,3268.234,3398.175,3674.94,3858.992,4135.353,4370.06,4614.527,4822.233
"190",928,"Melanesia",2493.453,2646.014,2908.933,3251.67,3654.63,4140.103,4697.81,5349.553,5973.197,6683.224,7473.493,8232.149,9187.934,10121.727,11122.99
"191",242,"Fiji",288.994,335.096,393.48,463.96,520.561,576.626,635.312,711.77,728.575,775.428,811.011,821.606,859.816,868.632,896.444
"192",540,"New Caledonia",64.823,67.743,78.059,91.194,105.323,130.269,145.141,155.985,170.335,193.296,217.263,236.441,253.529,271.062,285.491
"193",598,"Papua New Guinea",2002.147,2086.253,2255.858,2485.433,2783.132,3139.944,3571.209,4081.022,4615.843,5187.063,5847.59,6494.902,7310.512,8107.772,8947.027
"194",90,"Solomon Islands",89.793,102.001,117.847,136.815,160.24,193.401,230.55,270.787,311.869,359.276,412.665,469.918,527.861,603.133,686.878
"195",548,"Vanuatu",47.696,54.921,63.689,74.268,85.374,99.863,115.598,129.989,146.575,168.161,184.964,209.282,236.216,271.128,307.15
"196",954,"Micronesia",155.57,171.104,191.239,218.65,248.182,272.159,303.502,355.291,416.764,454.92,484.779,498.296,503.58,522.926,548.927
"197",316,"Guam",59.653,62.647,66.733,74.828,83.875,93.351,104.134,116.576,130.48,145.559,155.323,158.406,159.439,161.851,168.783
"198",296,"Kiribati",33.05,36.566,41.196,46.429,51.142,55.114,59.296,63.989,72.394,77.716,84.405,92.319,102.93,110.927,119.446
"199",583,"Micronesia (Fed. States of)",32.004,37.88,44.51,52.224,61.415,63.122,72.936,85.641,96.304,107.535,107.405,106.135,102.916,108.886,115.021
"200",957,"Polynesia",241.513,273.484,306.791,358.539,407.992,442.101,475.762,514.291,549.958,583.462,616.389,645.872,656.808,667.014,683.778
"201",258,"French Polynesia",60.27,68.847,78.08,93.442,110.49,131.229,153.298,177.024,199.906,218.064,240.681,258.78,266.449,273.119,280.904
"202",882,"Samoa",82.106,94.186,108.627,127.055,143.146,151.353,155.522,159.995,162.797,170.05,174.454,179.722,185.944,193.51,198.41
"203",776,"Tonga",47.217,55.323,61.574,74.348,84.344,88.321,92.966,93.896,95.069,95.972,97.962,100.908,103.981,100.78,105.697
"204",923,"Eastern Europe",220170.508,237069.843,253510.721,266938.299,276164.934,285377.377,294734.201,303239.024,309808.642,309435.124,303918.405,297500.556,294872.867,294390.75,293013.21
"205",112,"Belarus",7745.004,7747.215,8124.881,8505.724,8913.549,9252.78,9569.847,9901.493,10151.135,10077.606,9871.635,9562.083,9420.576,9439.424,9449.321
"206",100,"Bulgaria",7250.996,7561.487,7885.607,8222.588,8507.541,8738.386,8878.787,8975.353,8841.466,8379.305,7997.951,7686.964,7425.011,7199.739,6948.445
"207",203,"Czechia",8902.62,9361.778,9590.178,9811.375,9817.667,10069.96,10349.084,10331.144,10340.877,10358.19,10289.374,10258.165,10536.514,10601.39,10708.982
"208",348,"Hungary",9337.718,9828.498,10000.989,10169.802,10366.099,10526.777,10754.286,10566.321,10377.135,10349.308,10220.509,10085.942,9927.38,9777.925,9660.35
"209",616,"Poland",24824.007,27269.742,29614.201,31360.903,32639.262,33970.73,35539.723,37133.86,37960.193,38458.642,38556.699,38368.957,38329.784,38034.076,37846.605
"210",498,"Republic of Moldova",2341.009,2627.008,3004.446,3336.593,3595.549,3840.046,4011.085,4216.244,4365.562,4340.602,4202.659,4159.296,4086.09,4070.705,4033.963
"211",642,"Romania",16236.289,17483.935,18613.945,19379.575,20548.912,21665.64,22615.644,23071.258,23489.156,22964.747,22137.423,21417.287,20471.86,19925.182,19237.682
"212",643,"Russian Federation",102798.649,111355.301,119871.7,126503.741,130148.65,133804.859,138053.143,142957.289,147531.562,148227.471,146404.89,143672.125,143479.273,144985.059,145934.46
"213",703,"Slovakia",3436.576,3815.396,4140.128,4383.446,4538.843,4752.537,4996.73,5166.787,5288.455,5375.47,5399.207,5398.962,5404.293,5435.614,5459.643
"214",804,"Ukraine",37297.64,40019.483,42664.646,45264.552,47088.862,48755.662,49965.872,50919.275,51463.101,50903.783,48838.058,46890.775,45792.086,44921.636,43733.759
"215",924,"Northern Europe",78007.08,79447.023,81727.075,84781.5,87251.322,88911.995,89798.441,90611.323,92036.273,93176.744,94454.223,96307.37,100398.301,103518.956,106261.271
"216",830,"Channel Islands",102.235,105.608,109.419,114.989,121.2,126.42,128.204,133.8,140.677,143.48,148.439,151.674,159.718,165.387,173.859
"217",208,"Denmark",4268.281,4440.779,4581.099,4760.461,4931.239,5062.731,5123.945,5114.25,5141.117,5232.709,5341.192,5421.701,5554.849,5688.695,5792.203
"218",233,"Estonia",1100.997,1159.233,1216.82,1290.406,1360.206,1422.052,1474.438,1522.405,1565.246,1433.026,1399.111,1355.65,1332.103,1315.33,1326.539
"219",246,"Finland",4008.292,4238.274,4434.593,4568.604,4612.365,4718.744,4788.247,4911.22,4996.22,5119.012,5187.953,5258.933,5365.784,5481.128,5540.718
"220",352,"Iceland",142.657,157.641,175.584,192.315,204.423,218.079,228.256,241.587,255.044,267.627,280.439,294.976,320.342,330.237,341.25
"221",372,"Ireland",2912.682,2873.41,2791.39,2823.644,2908.43,3137.181,3384.76,3510.978,3510.881,3592.18,3783.095,4141.218,4554.33,4652.42,4937.796
"222",428,"Latvia",1926.568,2001.57,2129.584,2266.938,2378.022,2469.439,2521.381,2580.763,2664.447,2508.476,2384.15,2251.996,2118.855,1997.675,1886.202
"223",440,"Lithuania",2567.407,2628.752,2769.879,2966.165,3136.585,3298.883,3430.76,3562.399,3696.035,3626.609,3501.842,3344.259,3123.825,2931.872,2722.291
"224",578,"Norway",3265.274,3430.335,3582.508,3724.457,3876.049,4008.026,4086.07,4153.111,4247.286,4366.996,4499.375,4632.359,4885.878,5199.827,5421.242
"225",752,"Sweden",7009.913,7262.625,7482.536,7745.678,8054.909,8197.341,8316.331,8357.65,8567.375,8836.421,8881.642,9038.627,9390.157,9764.949,10099.27
"226",826,"United Kingdom",50616.019,51063.907,52370.595,54240.855,55573.455,56152.325,56209.164,56413.555,57134.377,57932.45,58923.305,60287.953,63459.801,65860.149,67886.004
"227",925,"Southern Europe",108737.286,113365.958,117760.615,122876.335,127475.179,133229.27,138555.094,141883.584,143503.834,144332.477,144846.713,149676.168,153015.518,153064.873,152215.243
"228",8,"Albania",1263.164,1419.991,1636.091,1896.175,2150.704,2411.733,2682.697,2969.671,3286.07,3112.923,3129.246,3086.81,2948.029,2890.524,2877.8
"229",70,"Bosnia and Herzegovina",2661.296,2936.3,3225.664,3535.632,3760.536,3985.107,4179.85,4392.135,4463.422,3829.049,3751.176,3765.332,3705.478,3429.362,3280.815
"230",191,"Croatia",3850.294,4030.42,4192.641,4328.928,4423.069,4500.871,4598.125,4716.123,4776.37,4616.763,4428.075,4378.066,4328.163,4232.874,4105.268
"231",300,"Greece",7668.792,8011.132,8273.628,8453.819,8663.568,9014.091,9627.004,9968.233,10225.99,10745.502,11082.103,11224.8,10887.64,10659.737,10423.056
"232",380,"Italy",46598.599,48335.577,49699.947,51677.247,53518.966,55265.28,56349.352,56936.776,57048.237,57174.412,56692.178,58281.209,59325.232,60578.489,60461.828
"233",470,"Malta",311.998,313.523,312.973,322.238,320.548,322.358,331.494,346.254,362.017,376.893,393.649,404.659,414.257,433.559,441.539
"234",499,"Montenegro",394.739,443.796,487.416,533.821,519.702,554.259,580.757,614.011,615.004,620.419,613.558,616.388,624.279,626.957,628.062
"235",807,"North Macedonia",1254.444,1392.461,1488.67,1592.437,1720.805,1803.008,1924.203,1981.536,1996.218,1983.259,2034.823,2060.28,2070.737,2079.335,2083.38
"236",620,"Portugal",8416.971,8625.538,8844.638,8862.277,8651.334,9172.24,9750.966,9929.176,9895.358,10091.322,10297.117,10508.494,10596.055,10368.346,10196.707
"237",688,"Serbia",6732.252,7234.917,7556.732,7835.085,8119.865,8497.172,8908.295,9253.396,9517.677,9884.145,9487.612,9193.818,8991.258,8876.777,8737.37
"238",705,"Slovenia",1473.093,1527.207,1586.628,1629.439,1669.584,1742.621,1835.842,1945.129,2006.404,1991.126,1987.71,1994.979,2043.336,2071.199,2078.932
"239",724,"Spain",28069.734,29048.392,30402.413,32146.255,33883.749,35879.21,37698.2,38733.866,39202.524,39787.413,40824.745,44019.118,46931.011,46671.919,46754.783
"240",926,"Western Europe",142413.985,146795.94,152408.555,160187.057,166027.935,169376.815,170478.78,171850.255,175509.662,180050.088,182338.687,185803.787,188126.312,192084.399,196146.321
"241",40,"Austria",6936.442,6953.404,7070.773,7305.154,7516.238,7637.686,7609.75,7614.874,7723.954,7990.113,8069.276,8253.656,8409.945,8678.667,9006.4
"242",56,"Belgium",8637.521,8887.275,9167.361,9443.948,9632.179,9771.582,9868.999,9916.577,10006.545,10186.304,10282.046,10546.885,10938.735,11287.931,11589.616
"243",250,"France",41833.873,43411.377,45673.147,48746.653,50763.921,52688.575,53868.006,55254.838,56666.861,57801.887,59015.092,61120.128,62879.535,64453.194,65273.512
"244",276,"Germany",69966.252,71537.454,73414.229,76258.034,78578.381,78856.031,78283.101,77691.591,79053.984,81138.653,81400.883,81602.739,80827.001,81787.411,83783.945
"245",442,"Luxembourg",296.005,305.262,314.585,330.16,339.672,353.984,364.048,366.882,381.78,408.145,436.106,457.848,507.89,566.741,625.976
"246",528,"Netherlands",10042.051,10709.621,11448.815,12248.333,13001.941,13683.287,14148.41,14513.947,14965.442,15467.852,15926.188,16367.153,16682.927,16938.492,17134.873
"247",756,"Switzerland",4668.089,4957.07,5280.683,5812.844,6150.848,6337.031,6283.833,6435.424,6652.873,6995.519,7143.764,7386.818,7808.674,8296.775,8654.618
"248",124,"Canada",13733.398,15673.764,17847.404,19627.973,21374.326,23059.266,24416.885,25744.807,27541.323,29164.153,30588.379,32164.313,34147.566,36026.668,37742.157
"249",840,"United States of America",158804.397,171685.337,186720.57,199733.679,209513.34,219081.25,229476.36,240499.822,252120.309,265163.741,281710.914,294993.509,309011.469,320878.312,331002.647
